{"0":[0.1887075,0.5709977,2.0353288,4.0416327,4.7150794,5.2184807]
,"1":[0.4540363,0.7705669,1.0908163,1.3825397,2.1344671,4.265873,5.8221088,7.2863946,7.5397279,7.7226984]
,"2":[0.0327891,1.5412925]
,"3":[0,0.6548299,1.2645578,1.6272109,2.7152381,3.7551927,5.5608844,6.0683673,6.6756689,7.9221542]
,"4":[0.295941,1.0470748,2.3435147,2.7409977,3.5545125,3.8643084,5.1504082,5.6961678,6.2896145,6.7217007,7.9937642,8.2759637,9.4821769,9.7353288]
,"5":[0.464195,0.9263492,2.571542,3.9430839,4.6127664]
,"6":[0.3638549,1.6054422,2.1160317,3.0734921,3.1706349,5.1115193,5.5375057,5.8393424,6.1608844]
,"7":[0.3890023,0.9643311,1.7234014,2.1239683,3.6933107,5.0986848,5.3729252,5.6298413,5.9117007]
,"8":[0.2202268,0.5768254,1.2977778,1.6992063,2.0838095,2.3436508]
,"9":[0.3287302,1.2121088,1.6478005]
,"10":[0.0101587,0.5280726,0.8378912,2.2216553,2.7812698,3.5346032,4.0214966]
,"11":[0,0.4843537,2.2004308,2.5822222,2.9789569,3.6322902,3.9983673,4.3426531]
,"12":[0.0780499,0.7840816,1.5404762,1.8618141,2.2288209,2.5428798,2.7712472,3.8088662,4.5423583,5.6140363]
,"13":[0.3266213,1.1133333,1.6590023,2.3114059,3.5870975,3.8181179,4.0060317]
,"14":[0.0780952,0.4508617,1.8271882]
,"15":[0.154127,1.067483,2.4424943,3.2509751,4.1281179,5.1261224,5.9569388,6.2712018,7.3993651,7.8409297,8.1369841,8.760839]
,"16":[0.2846939,0.9335828,1.2883447,2.1955329,2.4297279,3.145941,4.2133787,5.2902041,5.9689796,7.9501361,8.7121542]
,"17":[0.3973469,0.8926304,1.4509524,2.4404989,3.643424,4.2554875,4.8943537,6.1211791,6.6428118,6.9304082,7.3527438]
,"18":[0.2295918,1.4739683,2.2315193]
,"19":[0.2287302,0.9071202,2.2631066,3.5291383,4.8750794,6.3546259,8.1244444,9.044127,10.157415]
,"20":[0,0.5058957,0.8202721,1.7587528]
,"21":[0.107551,0.7101814,1.6487982,2.9122902]
,"22":[0.2562585,1.7309297]
,"23":[0,2.1204308,2.6727891,3.5487755,4.9385034,5.5473243,6.2932653,7.084127,7.6980045,7.9082086,8.6675057]
,"24":[0.155102,0.7360317,1.3110204,1.6964399,1.9678005,2.8176417,3.8708617,5.3914286]
,"25":[0.0377098,1.7935374,2.2504082,2.457415,2.6293651,2.9104308]
,"26":[0.2644444,0.7521315,1.6844444,3.0773243,3.3314739,5.0114286,6.8406576,7.3359864,9.1314286,9.5373696]
,"27":[0.2177778,0.6208844,1.7146259,2.9191383,4.2419728,4.5337415,5.3028571]
,"28":[0,0.6880045,1.0419501,2.1828345,2.4950567,3.7910658]
,"29":[0,1.8211111,3.4373469,4.1443311,5.9363265,6.7826984,7.4144444,8.2883673,8.6102268,9.4864626,9.8776644]
,"30":[0.4708163,1.9795238,4.3279819,4.694966,6.5900227,7.5906349]
,"31":[0.2374376,0.5811338,1.2787528,2.4951701]
,"32":[0.3526304,0.78161,1.1573016,1.4489342,2.4010431,3.6078458,4.1676871,4.4581179,4.8722676,5.8229478]
,"33":[0.183288,0.6220862,1.3265306,2.825102,3.2351701,3.779932,4.5083673,5.4834014]
,"34":[0.3077324,0.6617007,0.9690476,1.7113605]
,"35":[0.0130385,0.404263,0.7010884,2.1012698,2.9003401,3.5593424]
,"36":[0,1.3746939,1.7637415]
,"37":[0.2146032,0.6005442,1.3580045,1.6661224,2.1956916,2.4712245,3.2939683,3.5089569,3.6958503]
,"38":[0.1792517,0.4078912]
,"39":[0.9997732,2.4635374]
,"40":[0.3577098,0.694898,0.9700454,1.8015646,1.966712,2.3455782]
,"41":[0.2237415,1.8790703,2.4331746,2.7710658,3.2055782,3.8856009,4.9804082,5.6071655,5.8895238,6.8003401]
,"42":[0.5333787,0.8482086,1.4890249,1.8290249,2.3283447,2.8879592,3.7453741]
,"43":[0.1873016,1.4755102,2.58,3.5373469,4.2865533,6.1567347,6.7989569,7.4230159,7.9914286,8.342517,8.5635601]
,"44":[0.4180726,0.8467347,1.9171429,3.2564399,3.685873,3.9274603,4.5634694,6.0273243,6.3907029,6.8582766,7.5744444,8.0620181,8.7015193,9.8514512,11.2680045,12.3222902,13.421542,14.1457823]
,"45":[0.4126757,0.6735601,0.9897732,1.4020862,3.1618367,3.9364399,4.2676644,4.9623356,6.498322,6.7911791,7.5168707,8.0773016,8.4214059,8.9412925,9.5449433,10.0573469,11.1470748,11.9056009,12.2826984,12.5695011,13.4403855]
,"46":[0.156576,2.0906803,2.3973016,2.8375283]
,"47":[0,1.4099773,2.22322,2.4704082,2.6458503]
,"48":[0.0970522,1.0754649,2.00678,2.340839,2.5644218,2.890839,3.5542857,4.1377324,5.3494331]
,"49":[0.225805,0.7578005,0.9812245,1.2453968,1.795941]
,"50":[0.1394558,0.6330839,1.0698639,1.4082993,2.4737188,3.7377324,4.3414966,4.7469841,4.9379365]
,"51":[0.1537188,1.3436735,1.7223583,2.5381859,3.5932426,5.2724943,5.9390023,6.9521769,7.7952608]
,"52":[0.4349206,1.0338322,2.0404989,2.3331519,2.5764626,3.5288435,4.5105215,5.3733107,6.0021088,6.3147392,6.6624263,6.9612018,7.8881859,8.3063946]
,"53":[0,1.0448299,1.6794331,2.4133787,3.1018594,3.3684127,3.9725397,4.6417234]
,"54":[0.0867574,0.9727211,1.5156916,1.7936508,2.0745805]
,"55":[0.2170295,0.8152834,2.1873696,2.9797732,3.4309297,4.9431293,5.3855102,5.9604082,6.4217234,7.0860771,7.9675964,8.6914512,9.0208844]
,"56":[0.6175057,1.0961678,1.3635828,1.8944898,2.3529252,2.655102,3.6160771,4.0727438]
,"57":[0.292381,0.6320408,0.9147166,1.2470068,1.5091156]
,"58":[]
}
